"ISOALPHA","COUNTRYNM","age","mu","sigma"
"AFG","afghanistan","A00_04B",0,0
"AFG","afghanistan","A05_09B",0,0
"AFG","afghanistan","A10_14B",0,0
"AFG","afghanistan","A15_19B",0,0
"AFG","afghanistan","A20_24B",0,0
"AFG","afghanistan","A25_29B",0,0
"AFG","afghanistan","A30_34B",0,0
"AFG","afghanistan","A35_39B",0,0
"AFG","afghanistan","A40_44B",0,0
"AFG","afghanistan","A45_49B",61.1150134240653,7.87635714178817
"AFG","afghanistan","A50_54B",95.0006698886079,1.45223355733635
"AFG","afghanistan","A55_59B",95.0006698886079,1.45223355733635
"AFG","afghanistan","A60_64B",95.0006698886079,1.45223355733635
"AFG","afghanistan","A65_69B",95.0006698886079,1.45223355733635
"AFG","afghanistan","A70_74B",95.0006698886079,1.45223355733635
"AFG","afghanistan","A75_79B",95.0006698886079,1.45223355733635
"AFG","afghanistan","A80_84B",95.0006698886079,1.45223355733635
"AFG","afghanistan","A85PLUSB",95.0006698886079,1.45223355733635
"ARE","united arab emirates","A00_04B",0,0
"ARE","united arab emirates","A05_09B",0,0
"ARE","united arab emirates","A10_14B",0,0
"ARE","united arab emirates","A15_19B",0,0
"ARE","united arab emirates","A20_24B",0,0
"ARE","united arab emirates","A25_29B",0,0
"ARE","united arab emirates","A30_34B",0,0
"ARE","united arab emirates","A35_39B",0,0
"ARE","united arab emirates","A40_44B",0,0
"ARE","united arab emirates","A45_49B",6.91145082714208,15.4312780991852
"ARE","united arab emirates","A50_54B",61.4819046478235,15.4388567320332
"ARE","united arab emirates","A55_59B",80.0395369691499,7.57158353081589
"ARE","united arab emirates","A60_64B",80.0395369691499,7.57158353081589
"ARE","united arab emirates","A65_69B",80.0395369691499,7.57158353081589
"ARE","united arab emirates","A70_74B",80.0395369691499,7.57158353081589
"ARE","united arab emirates","A75_79B",80.0395369691499,7.57158353081589
"ARE","united arab emirates","A80_84B",80.0395369691499,7.57158353081589
"ARE","united arab emirates","A85PLUSB",80.0395369691499,7.57158353081589
"AZE","azerbaijan","A00_04B",0,0
"AZE","azerbaijan","A05_09B",0,0
"AZE","azerbaijan","A10_14B",0,0
"AZE","azerbaijan","A15_19B",0,0
"AZE","azerbaijan","A20_24B",0,0
"AZE","azerbaijan","A25_29B",0,0
"AZE","azerbaijan","A30_34B",0,0
"AZE","azerbaijan","A35_39B",0,0
"AZE","azerbaijan","A40_44B",3.36136602499163,6.54395356454608
"AZE","azerbaijan","A45_49B",79.9342763295111,7.54200868498172
"AZE","azerbaijan","A50_54B",79.9342763295111,7.54200868498172
"AZE","azerbaijan","A55_59B",79.9342763295111,7.54200868498172
"AZE","azerbaijan","A60_64B",79.9342763295111,7.54200868498172
"AZE","azerbaijan","A65_69B",79.9342763295111,7.54200868498172
"AZE","azerbaijan","A70_74B",79.9342763295111,7.54200868498172
"AZE","azerbaijan","A75_79B",79.9342763295111,7.54200868498172
"AZE","azerbaijan","A80_84B",79.9342763295111,7.54200868498172
"AZE","azerbaijan","A85PLUSB",79.9342763295111,7.54200868498172
"BGD","bangladesh","A00_04B",0,0
"BGD","bangladesh","A05_09B",0,0
"BGD","bangladesh","A10_14B",0,0
"BGD","bangladesh","A15_19B",0,0
"BGD","bangladesh","A20_24B",0,0
"BGD","bangladesh","A25_29B",0,0
"BGD","bangladesh","A30_34B",0,0
"BGD","bangladesh","A35_39B",0,0
"BGD","bangladesh","A40_44B",21.1003395353472,21.6767034401944
"BGD","bangladesh","A45_49B",74.191771864444,11.0881220314378
"BGD","bangladesh","A50_54B",79.0898836154722,5.49213165175068
"BGD","bangladesh","A55_59B",79.0898836154722,5.49213165175068
"BGD","bangladesh","A60_64B",79.0898836154722,5.49213165175068
"BGD","bangladesh","A65_69B",79.0898836154722,5.49213165175068
"BGD","bangladesh","A70_74B",79.0898836154722,5.49213165175068
"BGD","bangladesh","A75_79B",79.0898836154722,5.49213165175068
"BGD","bangladesh","A80_84B",79.0898836154722,5.49213165175068
"BGD","bangladesh","A85PLUSB",79.0898836154722,5.49213165175068
"CHN","china","A00_04B",0,0
"CHN","china","A05_09B",0,0
"CHN","china","A10_14B",0,0
"CHN","china","A15_19B",0,0
"CHN","china","A20_24B",0,0
"CHN","china","A25_29B",0,0
"CHN","china","A30_34B",0,0
"CHN","china","A35_39B",0,0
"CHN","china","A40_44B",0,0
"CHN","china","A45_49B",76.7316015349111,7.85755673939604
"CHN","china","A50_54B",90.9703995053526,2.89710419643141
"CHN","china","A55_59B",90.9703995053526,2.89710419643141
"CHN","china","A60_64B",90.9824031161838,2.88007841406844
"CHN","china","A65_69B",90.9824031161838,2.88007841406844
"CHN","china","A70_74B",90.9824031161838,2.88007841406844
"CHN","china","A75_79B",90.9824031161838,2.88007841406844
"CHN","china","A80_84B",90.9824031161838,2.88007841406844
"CHN","china","A85PLUSB",90.9824031161838,2.88007841406844
"HKG","china, hong kong special administrative region","A00_04B",0,0
"HKG","china, hong kong special administrative region","A05_09B",0,0
"HKG","china, hong kong special administrative region","A10_14B",0,0
"HKG","china, hong kong special administrative region","A15_19B",0,0
"HKG","china, hong kong special administrative region","A20_24B",0,0
"HKG","china, hong kong special administrative region","A25_29B",0,0
"HKG","china, hong kong special administrative region","A30_34B",0,0
"HKG","china, hong kong special administrative region","A35_39B",0,0
"HKG","china, hong kong special administrative region","A40_44B",3.71275790054279,7.28664312543103
"HKG","china, hong kong special administrative region","A45_49B",89.9852965216479,1.53680158856467
"HKG","china, hong kong special administrative region","A50_54B",89.9852965216479,1.53680158856467
"HKG","china, hong kong special administrative region","A55_59B",89.9852965216479,1.53680158856467
"HKG","china, hong kong special administrative region","A60_64B",89.9852965216479,1.53680158856467
"HKG","china, hong kong special administrative region","A65_69B",89.9852965216479,1.53680158856467
"HKG","china, hong kong special administrative region","A70_74B",89.9852965216479,1.53680158856467
"HKG","china, hong kong special administrative region","A75_79B",89.9852965216479,1.53680158856467
"HKG","china, hong kong special administrative region","A80_84B",89.9852965216479,1.53680158856467
"HKG","china, hong kong special administrative region","A85PLUSB",89.9852965216479,1.53680158856467
"IDN","indonesia","A00_04B",0,0
"IDN","indonesia","A05_09B",0,0
"IDN","indonesia","A10_14B",0,0
"IDN","indonesia","A15_19B",0,0
"IDN","indonesia","A20_24B",0,0
"IDN","indonesia","A25_29B",0,0
"IDN","indonesia","A30_34B",0,0
"IDN","indonesia","A35_39B",0,0
"IDN","indonesia","A40_44B",23.9313104249678,25.133415331564
"IDN","indonesia","A45_49B",87.1495786452814,11.9593286185018
"IDN","indonesia","A50_54B",93.0105255465696,3.08457825463773
"IDN","indonesia","A55_59B",93.0105255465696,3.08457825463773
"IDN","indonesia","A60_64B",93.0105255465696,3.08457825463773
"IDN","indonesia","A65_69B",93.0105255465696,3.08457825463773
"IDN","indonesia","A70_74B",93.0105255465696,3.08457825463773
"IDN","indonesia","A75_79B",93.0105255465696,3.08457825463773
"IDN","indonesia","A80_84B",93.0105255465696,3.08457825463773
"IDN","indonesia","A85PLUSB",93.0105255465696,3.08457825463773
"IND","india","A00_04B",0,0
"IND","india","A05_09B",0,0
"IND","india","A10_14B",0,0
"IND","india","A15_19B",0,0
"IND","india","A20_24B",0,0
"IND","india","A25_29B",0,0
"IND","india","A30_34B",0,0
"IND","india","A35_39B",0,0
"IND","india","A40_44B",24.8840445148326,25.8670256479026
"IND","india","A45_49B",91.0300584903399,11.8557072444424
"IND","india","A50_54B",96.9902057672005,1.11047568224116
"IND","india","A55_59B",96.9902057672005,1.11047568224116
"IND","india","A60_64B",96.9902057672005,1.11047568224116
"IND","india","A65_69B",96.9902057672005,1.11047568224116
"IND","india","A70_74B",96.9902057672005,1.11047568224116
"IND","india","A75_79B",96.9902057672005,1.11047568224116
"IND","india","A80_84B",96.9902057672005,1.11047568224116
"IND","india","A85PLUSB",96.9902057672005,1.11047568224116
"IRN","iran (islamic republic of)","A00_04B",0,0
"IRN","iran (islamic republic of)","A05_09B",0,0
"IRN","iran (islamic republic of)","A10_14B",0,0
"IRN","iran (islamic republic of)","A15_19B",0,0
"IRN","iran (islamic republic of)","A20_24B",0,0
"IRN","iran (islamic republic of)","A25_29B",0,0
"IRN","iran (islamic republic of)","A30_34B",0,0
"IRN","iran (islamic republic of)","A35_39B",0,0
"IRN","iran (islamic republic of)","A40_44B",23.1276266507159,23.3573200468378
"IRN","iran (islamic republic of)","A45_49B",82.8776907953181,10.82369399621
"IRN","iran (islamic republic of)","A50_54B",88.0271006259071,2.19419798800469
"IRN","iran (islamic republic of)","A55_59B",88.0271006259071,2.19419798800469
"IRN","iran (islamic republic of)","A60_64B",88.0271006259071,2.19419798800469
"IRN","iran (islamic republic of)","A65_69B",88.0271006259071,2.19419798800469
"IRN","iran (islamic republic of)","A70_74B",88.0271006259071,2.19419798800469
"IRN","iran (islamic republic of)","A75_79B",88.0271006259071,2.19419798800469
"IRN","iran (islamic republic of)","A80_84B",88.0271006259071,2.19419798800469
"IRN","iran (islamic republic of)","A85PLUSB",88.0271006259071,2.19419798800469
"IRQ","iraq","A00_04B",0,0
"IRQ","iraq","A05_09B",0,0
"IRQ","iraq","A10_14B",0,0
"IRQ","iraq","A15_19B",0,0
"IRQ","iraq","A20_24B",0,0
"IRQ","iraq","A25_29B",0,0
"IRQ","iraq","A30_34B",0,0
"IRQ","iraq","A35_39B",0,0
"IRQ","iraq","A40_44B",23.2503555574452,23.739851687264
"IRQ","iraq","A45_49B",82.3657733010987,12.6720085353561
"IRQ","iraq","A50_54B",87.6422692141112,7.27082164969667
"IRQ","iraq","A55_59B",87.6422692141112,7.27082164969667
"IRQ","iraq","A60_64B",87.6422692141112,7.27082164969667
"IRQ","iraq","A65_69B",87.6422692141112,7.27082164969667
"IRQ","iraq","A70_74B",87.6422692141112,7.27082164969667
"IRQ","iraq","A75_79B",87.6422692141112,7.27082164969667
"IRQ","iraq","A80_84B",87.6422692141112,7.27082164969667
"IRQ","iraq","A85PLUSB",87.6422692141112,7.27082164969667
"ISR","israel","A00_04B",0,0
"ISR","israel","A05_09B",0,0
"ISR","israel","A10_14B",0,0
"ISR","israel","A15_19B",0,0
"ISR","israel","A20_24B",0,0
"ISR","israel","A25_29B",0,0
"ISR","israel","A30_34B",0,0
"ISR","israel","A35_39B",0,0
"ISR","israel","A40_44B",0,0
"ISR","israel","A45_49B",67.3152047641607,9.31416669100218
"ISR","israel","A50_54B",79.9055112067371,7.5495501450812
"ISR","israel","A55_59B",79.9055112067371,7.5495501450812
"ISR","israel","A60_64B",79.9055112067371,7.5495501450812
"ISR","israel","A65_69B",79.9055112067371,7.5495501450812
"ISR","israel","A70_74B",79.9055112067371,7.5495501450812
"ISR","israel","A75_79B",79.9055112067371,7.5495501450812
"ISR","israel","A80_84B",79.9055112067371,7.5495501450812
"ISR","israel","A85PLUSB",79.9055112067371,7.5495501450812
"JOR","jordan","A00_04B",0,0
"JOR","jordan","A05_09B",0,0
"JOR","jordan","A10_14B",0,0
"JOR","jordan","A15_19B",0,0
"JOR","jordan","A20_24B",0,0
"JOR","jordan","A25_29B",0,0
"JOR","jordan","A30_34B",0,0
"JOR","jordan","A35_39B",0,0
"JOR","jordan","A40_44B",20.4747747707089,21.5627664217657
"JOR","jordan","A45_49B",74.8853904408564,12.1351108883191
"JOR","jordan","A50_54B",79.9160449232152,7.49772332420532
"JOR","jordan","A55_59B",79.9160449232152,7.49772332420532
"JOR","jordan","A60_64B",79.9160449232152,7.49772332420532
"JOR","jordan","A65_69B",79.9160449232152,7.49772332420532
"JOR","jordan","A70_74B",79.9160449232152,7.49772332420532
"JOR","jordan","A75_79B",79.9160449232152,7.49772332420532
"JOR","jordan","A80_84B",79.9160449232152,7.49772332420532
"JOR","jordan","A85PLUSB",79.9160449232152,7.49772332420532
"JPN","japan","A00_04B",0,0
"JPN","japan","A05_09B",0,0
"JPN","japan","A10_14B",0,0
"JPN","japan","A15_19B",0,0
"JPN","japan","A20_24B",0,0
"JPN","japan","A25_29B",0,0
"JPN","japan","A30_34B",0,0
"JPN","japan","A35_39B",0,0
"JPN","japan","A40_44B",0,0
"JPN","japan","A45_49B",35.4496278639451,7.42410406850697
"JPN","japan","A50_54B",80.0723841886249,7.5692236940328
"JPN","japan","A55_59B",80.0723841886249,7.5692236940328
"JPN","japan","A60_64B",80.0723841886249,7.5692236940328
"JPN","japan","A65_69B",80.0723841886249,7.5692236940328
"JPN","japan","A70_74B",80.0723841886249,7.5692236940328
"JPN","japan","A75_79B",80.0723841886249,7.5692236940328
"JPN","japan","A80_84B",80.0723841886249,7.5692236940328
"JPN","japan","A85PLUSB",80.0723841886249,7.5692236940328
"KAZ","kazakhstan","A00_04B",0,0
"KAZ","kazakhstan","A05_09B",0,0
"KAZ","kazakhstan","A10_14B",0,0
"KAZ","kazakhstan","A15_19B",0,0
"KAZ","kazakhstan","A20_24B",0,0
"KAZ","kazakhstan","A25_29B",0,0
"KAZ","kazakhstan","A30_34B",0,0
"KAZ","kazakhstan","A35_39B",0,0
"KAZ","kazakhstan","A40_44B",3.81855797367979,7.26435867277415
"KAZ","kazakhstan","A45_49B",87.9965211340164,5.60300376273967
"KAZ","kazakhstan","A50_54B",87.9965211340164,5.60300376273967
"KAZ","kazakhstan","A55_59B",87.9965211340164,5.60300376273967
"KAZ","kazakhstan","A60_64B",87.9965211340164,5.60300376273967
"KAZ","kazakhstan","A65_69B",88.3952243300542,4.60596239395265
"KAZ","kazakhstan","A70_74B",89.9900371142052,4.87657409169432
"KAZ","kazakhstan","A75_79B",89.9900371142052,4.87657409169432
"KAZ","kazakhstan","A80_84B",89.9900371142052,4.87657409169432
"KAZ","kazakhstan","A85PLUSB",89.9900371142052,4.87657409169432
"KGZ","kyrgyzstan","A00_04B",0,0
"KGZ","kyrgyzstan","A05_09B",0,0
"KGZ","kyrgyzstan","A10_14B",0,0
"KGZ","kyrgyzstan","A15_19B",0,0
"KGZ","kyrgyzstan","A20_24B",0,0
"KGZ","kyrgyzstan","A25_29B",0,0
"KGZ","kyrgyzstan","A30_34B",0,0
"KGZ","kyrgyzstan","A35_39B",0,0
"KGZ","kyrgyzstan","A40_44B",3.71063094678584,7.33200488821631
"KGZ","kyrgyzstan","A45_49B",90.965001531419,1.63981772633447
"KGZ","kyrgyzstan","A50_54B",90.965001531419,1.63981772633447
"KGZ","kyrgyzstan","A55_59B",90.965001531419,1.63981772633447
"KGZ","kyrgyzstan","A60_64B",90.965001531419,1.63981772633447
"KGZ","kyrgyzstan","A65_69B",90.965001531419,1.63981772633447
"KGZ","kyrgyzstan","A70_74B",90.965001531419,1.63981772633447
"KGZ","kyrgyzstan","A75_79B",90.965001531419,1.63981772633447
"KGZ","kyrgyzstan","A80_84B",90.965001531419,1.63981772633447
"KGZ","kyrgyzstan","A85PLUSB",90.965001531419,1.63981772633447
"KHM","cambodia","A00_04B",0,0
"KHM","cambodia","A05_09B",0,0
"KHM","cambodia","A10_14B",0,0
"KHM","cambodia","A15_19B",0,0
"KHM","cambodia","A20_24B",0,0
"KHM","cambodia","A25_29B",0,0
"KHM","cambodia","A30_34B",0,0
"KHM","cambodia","A35_39B",0,0
"KHM","cambodia","A40_44B",0,0
"KHM","cambodia","A45_49B",3.62298174977437,12.6203497270209
"KHM","cambodia","A50_54B",23.8810133006486,32.9223782641869
"KHM","cambodia","A55_59B",81.7409778464057,9.02340053538756
"KHM","cambodia","A60_64B",88.9853207788255,2.30849187553222
"KHM","cambodia","A65_69B",88.9853207788255,2.30849187553222
"KHM","cambodia","A70_74B",88.9853207788255,2.30849187553222
"KHM","cambodia","A75_79B",88.9853207788255,2.30849187553222
"KHM","cambodia","A80_84B",88.9853207788255,2.30849187553222
"KHM","cambodia","A85PLUSB",88.9853207788255,2.30849187553222
"KOR","republic of korea","A00_04B",0,0
"KOR","republic of korea","A05_09B",0,0
"KOR","republic of korea","A10_14B",0,0
"KOR","republic of korea","A15_19B",0,0
"KOR","republic of korea","A20_24B",0,0
"KOR","republic of korea","A25_29B",0,0
"KOR","republic of korea","A30_34B",0,0
"KOR","republic of korea","A35_39B",0,0
"KOR","republic of korea","A40_44B",0,0
"KOR","republic of korea","A45_49B",67.3148574799731,9.05794653294016
"KOR","republic of korea","A50_54B",79.8770669193524,7.51713972071151
"KOR","republic of korea","A55_59B",79.8770669193524,7.51713972071151
"KOR","republic of korea","A60_64B",79.8770669193524,7.51713972071151
"KOR","republic of korea","A65_69B",79.8770669193524,7.51713972071151
"KOR","republic of korea","A70_74B",79.8770669193524,7.51713972071151
"KOR","republic of korea","A75_79B",79.8770669193524,7.51713972071151
"KOR","republic of korea","A80_84B",79.8770669193524,7.51713972071151
"KOR","republic of korea","A85PLUSB",79.8770669193524,7.51713972071151
"LAO","lao people's democratic republic","A00_04B",0,0
"LAO","lao people's democratic republic","A05_09B",0,0
"LAO","lao people's democratic republic","A10_14B",0,0
"LAO","lao people's democratic republic","A15_19B",0,0
"LAO","lao people's democratic republic","A20_24B",0,0
"LAO","lao people's democratic republic","A25_29B",0,0
"LAO","lao people's democratic republic","A30_34B",0,0
"LAO","lao people's democratic republic","A35_39B",0,0
"LAO","lao people's democratic republic","A40_44B",0,0
"LAO","lao people's democratic republic","A45_49B",15.0708202713324,20.6362063416843
"LAO","lao people's democratic republic","A50_54B",88.9496920073494,2.31367366905075
"LAO","lao people's democratic republic","A55_59B",88.9496920073494,2.31367366905075
"LAO","lao people's democratic republic","A60_64B",88.9496920073494,2.31367366905075
"LAO","lao people's democratic republic","A65_69B",88.9496920073494,2.31367366905075
"LAO","lao people's democratic republic","A70_74B",88.9496920073494,2.31367366905075
"LAO","lao people's democratic republic","A75_79B",88.9496920073494,2.31367366905075
"LAO","lao people's democratic republic","A80_84B",88.9496920073494,2.31367366905075
"LAO","lao people's democratic republic","A85PLUSB",88.9496920073494,2.31367366905075
"LBN","lebanon","A00_04B",0,0
"LBN","lebanon","A05_09B",0,0
"LBN","lebanon","A10_14B",0,0
"LBN","lebanon","A15_19B",0,0
"LBN","lebanon","A20_24B",0,0
"LBN","lebanon","A25_29B",0,0
"LBN","lebanon","A30_34B",0,0
"LBN","lebanon","A35_39B",0,0
"LBN","lebanon","A40_44B",0,0
"LBN","lebanon","A45_49B",67.3401003281736,9.1288497260286
"LBN","lebanon","A50_54B",79.8766458285217,7.47974067122911
"LBN","lebanon","A55_59B",79.8766458285217,7.47974067122911
"LBN","lebanon","A60_64B",79.8766458285217,7.47974067122911
"LBN","lebanon","A65_69B",79.8766458285217,7.47974067122911
"LBN","lebanon","A70_74B",79.8766458285217,7.47974067122911
"LBN","lebanon","A75_79B",79.8766458285217,7.47974067122911
"LBN","lebanon","A80_84B",79.8766458285217,7.47974067122911
"LBN","lebanon","A85PLUSB",79.8766458285217,7.47974067122911
"LKA","sri lanka","A00_04B",0,0
"LKA","sri lanka","A05_09B",0,0
"LKA","sri lanka","A10_14B",0,0
"LKA","sri lanka","A15_19B",0,0
"LKA","sri lanka","A20_24B",0,0
"LKA","sri lanka","A25_29B",0,0
"LKA","sri lanka","A30_34B",0,0
"LKA","sri lanka","A35_39B",0,0
"LKA","sri lanka","A40_44B",22.7483942706753,23.1470131826007
"LKA","sri lanka","A45_49B",79.76534289774,11.1012864468073
"LKA","sri lanka","A50_54B",84.9493967730448,4.1812255110703
"LKA","sri lanka","A55_59B",84.9493967730448,4.1812255110703
"LKA","sri lanka","A60_64B",84.9493967730448,4.1812255110703
"LKA","sri lanka","A65_69B",84.9493967730448,4.1812255110703
"LKA","sri lanka","A70_74B",84.9493967730448,4.1812255110703
"LKA","sri lanka","A75_79B",84.9493967730448,4.1812255110703
"LKA","sri lanka","A80_84B",84.9493967730448,4.1812255110703
"LKA","sri lanka","A85PLUSB",84.9493967730448,4.1812255110703
"MMR","myanmar","A00_04B",0,0
"MMR","myanmar","A05_09B",0,0
"MMR","myanmar","A10_14B",0,0
"MMR","myanmar","A15_19B",0,0
"MMR","myanmar","A20_24B",0,0
"MMR","myanmar","A25_29B",0,0
"MMR","myanmar","A30_34B",0,0
"MMR","myanmar","A35_39B",0,0
"MMR","myanmar","A40_44B",23.3101977988037,23.9466840024584
"MMR","myanmar","A45_49B",83.3951510708839,11.3316878520864
"MMR","myanmar","A50_54B",88.9980594605282,2.31338490874324
"MMR","myanmar","A55_59B",88.9980594605282,2.31338490874324
"MMR","myanmar","A60_64B",88.9980594605282,2.31338490874324
"MMR","myanmar","A65_69B",88.9980594605282,2.31338490874324
"MMR","myanmar","A70_74B",88.9980594605282,2.31338490874324
"MMR","myanmar","A75_79B",88.9980594605282,2.31338490874324
"MMR","myanmar","A80_84B",88.9980594605282,2.31338490874324
"MMR","myanmar","A85PLUSB",88.9980594605282,2.31338490874324
"MYS","malaysia","A00_04B",0,0
"MYS","malaysia","A05_09B",0,0
"MYS","malaysia","A10_14B",0,0
"MYS","malaysia","A15_19B",0,0
"MYS","malaysia","A20_24B",0,0
"MYS","malaysia","A25_29B",0,0
"MYS","malaysia","A30_34B",0,0
"MYS","malaysia","A35_39B",0,0
"MYS","malaysia","A40_44B",23.4132811273573,24.1116178699156
"MYS","malaysia","A45_49B",83.3958883978086,11.309305159275
"MYS","malaysia","A50_54B",88.9092133516103,2.30938679917959
"MYS","malaysia","A55_59B",88.9092133516103,2.30938679917959
"MYS","malaysia","A60_64B",88.9092133516103,2.30938679917959
"MYS","malaysia","A65_69B",88.9092133516103,2.30938679917959
"MYS","malaysia","A70_74B",88.9092133516103,2.30938679917959
"MYS","malaysia","A75_79B",88.9092133516103,2.30938679917959
"MYS","malaysia","A80_84B",88.9092133516103,2.30938679917959
"MYS","malaysia","A85PLUSB",88.9092133516103,2.30938679917959
"NPL","nepal","A00_04B",0,0
"NPL","nepal","A05_09B",0,0
"NPL","nepal","A10_14B",0,0
"NPL","nepal","A15_19B",0,0
"NPL","nepal","A20_24B",0,0
"NPL","nepal","A25_29B",0,0
"NPL","nepal","A30_34B",0,0
"NPL","nepal","A35_39B",0,0
"NPL","nepal","A40_44B",24.6385048978249,25.2087878854726
"NPL","nepal","A45_49B",89.1809787589665,11.9447592064211
"NPL","nepal","A50_54B",94.98311425832,2.78289803547396
"NPL","nepal","A55_59B",94.98311425832,2.78289803547396
"NPL","nepal","A60_64B",94.98311425832,2.78289803547396
"NPL","nepal","A65_69B",94.98311425832,2.78289803547396
"NPL","nepal","A70_74B",94.98311425832,2.78289803547396
"NPL","nepal","A75_79B",94.98311425832,2.78289803547396
"NPL","nepal","A80_84B",94.98311425832,2.78289803547396
"NPL","nepal","A85PLUSB",94.98311425832,2.78289803547396
"OMN","oman","A00_04B",0,0
"OMN","oman","A05_09B",0,0
"OMN","oman","A10_14B",0,0
"OMN","oman","A15_19B",0,0
"OMN","oman","A20_24B",0,0
"OMN","oman","A25_29B",0,0
"OMN","oman","A30_34B",0,0
"OMN","oman","A35_39B",0,0
"OMN","oman","A40_44B",21.3071393868666,21.9673882731107
"OMN","oman","A45_49B",74.9421470608869,12.2340464734717
"OMN","oman","A50_54B",79.9326767933508,7.59218821550161
"OMN","oman","A55_59B",79.9326767933508,7.59218821550161
"OMN","oman","A60_64B",79.9326767933508,7.59218821550161
"OMN","oman","A65_69B",79.9326767933508,7.59218821550161
"OMN","oman","A70_74B",79.9326767933508,7.59218821550161
"OMN","oman","A75_79B",79.9326767933508,7.59218821550161
"OMN","oman","A80_84B",79.9326767933508,7.59218821550161
"OMN","oman","A85PLUSB",79.9326767933508,7.59218821550161
"PAK","pakistan","A00_04B",0,0
"PAK","pakistan","A05_09B",0,0
"PAK","pakistan","A10_14B",0,0
"PAK","pakistan","A15_19B",0,0
"PAK","pakistan","A20_24B",0,0
"PAK","pakistan","A25_29B",0,0
"PAK","pakistan","A30_34B",0,0
"PAK","pakistan","A35_39B",0,0
"PAK","pakistan","A40_44B",21.2725306360426,21.622379072399
"PAK","pakistan","A45_49B",74.9860988488339,11.1777826033914
"PAK","pakistan","A50_54B",79.9806512228405,5.75037751619968
"PAK","pakistan","A55_59B",79.9806512228405,5.75037751619968
"PAK","pakistan","A60_64B",79.9806512228405,5.75037751619968
"PAK","pakistan","A65_69B",79.9806512228405,5.75037751619968
"PAK","pakistan","A70_74B",79.9806512228405,5.75037751619968
"PAK","pakistan","A75_79B",79.9806512228405,5.75037751619968
"PAK","pakistan","A80_84B",79.9806512228405,5.75037751619968
"PAK","pakistan","A85PLUSB",79.9806512228405,5.75037751619968
"PHL","philippines","A00_04B",0,0
"PHL","philippines","A05_09B",0,0
"PHL","philippines","A10_14B",0,0
"PHL","philippines","A15_19B",0,0
"PHL","philippines","A20_24B",0,0
"PHL","philippines","A25_29B",0,0
"PHL","philippines","A30_34B",0,0
"PHL","philippines","A35_39B",0,0
"PHL","philippines","A40_44B",0,0
"PHL","philippines","A45_49B",19.8073383029126,25.8261107129159
"PHL","philippines","A50_54B",69.1600067418438,26.1919177666148
"PHL","philippines","A55_59B",88.9892146282252,2.29694088148408
"PHL","philippines","A60_64B",88.9892146282252,2.29694088148408
"PHL","philippines","A65_69B",88.9892146282252,2.29694088148408
"PHL","philippines","A70_74B",88.9892146282252,2.29694088148408
"PHL","philippines","A75_79B",88.9892146282252,2.29694088148408
"PHL","philippines","A80_84B",88.9892146282252,2.29694088148408
"PHL","philippines","A85PLUSB",88.9892146282252,2.29694088148408
"SAU","saudi arabia","A00_04B",0,0
"SAU","saudi arabia","A05_09B",0,0
"SAU","saudi arabia","A10_14B",0,0
"SAU","saudi arabia","A15_19B",0,0
"SAU","saudi arabia","A20_24B",0,0
"SAU","saudi arabia","A25_29B",0,0
"SAU","saudi arabia","A30_34B",0,0
"SAU","saudi arabia","A35_39B",0,0
"SAU","saudi arabia","A40_44B",20.952679108547,21.6347336215649
"SAU","saudi arabia","A45_49B",75.1422852578299,12.1739696249808
"SAU","saudi arabia","A50_54B",80.194457666453,7.47610968783509
"SAU","saudi arabia","A55_59B",80.194457666453,7.47610968783509
"SAU","saudi arabia","A60_64B",80.194457666453,7.47610968783509
"SAU","saudi arabia","A65_69B",80.194457666453,7.47610968783509
"SAU","saudi arabia","A70_74B",80.194457666453,7.47610968783509
"SAU","saudi arabia","A75_79B",80.194457666453,7.47610968783509
"SAU","saudi arabia","A80_84B",80.194457666453,7.47610968783509
"SAU","saudi arabia","A85PLUSB",80.194457666453,7.47610968783509
"SGP","singapore","A00_04B",0,0
"SGP","singapore","A05_09B",0,0
"SGP","singapore","A10_14B",0,0
"SGP","singapore","A15_19B",0,0
"SGP","singapore","A20_24B",0,0
"SGP","singapore","A25_29B",0,0
"SGP","singapore","A30_34B",0,0
"SGP","singapore","A35_39B",0,0
"SGP","singapore","A40_44B",22.9263394672543,23.8875181325088
"SGP","singapore","A45_49B",83.3267128525108,11.3520073059544
"SGP","singapore","A50_54B",88.9971251093447,2.30772691536124
"SGP","singapore","A55_59B",88.9971251093447,2.30772691536124
"SGP","singapore","A60_64B",88.9971251093447,2.30772691536124
"SGP","singapore","A65_69B",88.9971251093447,2.30772691536124
"SGP","singapore","A70_74B",88.9971251093447,2.30772691536124
"SGP","singapore","A75_79B",88.9971251093447,2.30772691536124
"SGP","singapore","A80_84B",88.9971251093447,2.30772691536124
"SGP","singapore","A85PLUSB",88.9971251093447,2.30772691536124
"SYR","syrian arab republic","A00_04B",0,0
"SYR","syrian arab republic","A05_09B",0,0
"SYR","syrian arab republic","A10_14B",0,0
"SYR","syrian arab republic","A15_19B",0,0
"SYR","syrian arab republic","A20_24B",0,0
"SYR","syrian arab republic","A25_29B",0,0
"SYR","syrian arab republic","A30_34B",0,0
"SYR","syrian arab republic","A35_39B",0,0
"SYR","syrian arab republic","A40_44B",17.2906810548697,18.741690482628
"SYR","syrian arab republic","A45_49B",62.1054186131766,17.3117194710784
"SYR","syrian arab republic","A50_54B",66.0901840354598,16.1046429429611
"SYR","syrian arab republic","A55_59B",66.0901840354598,16.1046429429611
"SYR","syrian arab republic","A60_64B",66.0901840354598,16.1046429429611
"SYR","syrian arab republic","A65_69B",66.0901840354598,16.1046429429611
"SYR","syrian arab republic","A70_74B",66.0901840354598,16.1046429429611
"SYR","syrian arab republic","A75_79B",66.0901840354598,16.1046429429611
"SYR","syrian arab republic","A80_84B",66.0901840354598,16.1046429429611
"SYR","syrian arab republic","A85PLUSB",66.0901840354598,16.1046429429611
"THA","thailand","A00_04B",0,0
"THA","thailand","A05_09B",0,0
"THA","thailand","A10_14B",0,0
"THA","thailand","A15_19B",0,0
"THA","thailand","A20_24B",0,0
"THA","thailand","A25_29B",0,0
"THA","thailand","A30_34B",0,0
"THA","thailand","A35_39B",0,0
"THA","thailand","A40_44B",22.0243427439654,22.9591718012539
"THA","thailand","A45_49B",79.6162855702208,10.7435589456387
"THA","thailand","A50_54B",84.9840871995093,2.21030130881076
"THA","thailand","A55_59B",84.9840871995093,2.21030130881076
"THA","thailand","A60_64B",84.9840871995093,2.21030130881076
"THA","thailand","A65_69B",84.9840871995093,2.21030130881076
"THA","thailand","A70_74B",84.9840871995093,2.21030130881076
"THA","thailand","A75_79B",84.9840871995093,2.21030130881076
"THA","thailand","A80_84B",84.9840871995093,2.21030130881076
"THA","thailand","A85PLUSB",84.9840871995093,2.21030130881076
"TJK","tajikistan","A00_04B",0,0
"TJK","tajikistan","A05_09B",0,0
"TJK","tajikistan","A10_14B",0,0
"TJK","tajikistan","A15_19B",0,0
"TJK","tajikistan","A20_24B",0,0
"TJK","tajikistan","A25_29B",0,0
"TJK","tajikistan","A30_34B",0,0
"TJK","tajikistan","A35_39B",0,0
"TJK","tajikistan","A40_44B",3.82477276764847,7.4206140662621
"TJK","tajikistan","A45_49B",91.0236615008735,1.63859168658764
"TJK","tajikistan","A50_54B",91.0236615008735,1.63859168658764
"TJK","tajikistan","A55_59B",91.0236615008735,1.63859168658764
"TJK","tajikistan","A60_64B",91.0236615008735,1.63859168658764
"TJK","tajikistan","A65_69B",91.0236615008735,1.63859168658764
"TJK","tajikistan","A70_74B",91.0236615008735,1.63859168658764
"TJK","tajikistan","A75_79B",91.0236615008735,1.63859168658764
"TJK","tajikistan","A80_84B",91.0236615008735,1.63859168658764
"TJK","tajikistan","A85PLUSB",91.0236615008735,1.63859168658764
"TKM","turkmenistan","A00_04B",0,0
"TKM","turkmenistan","A05_09B",0,0
"TKM","turkmenistan","A10_14B",0,0
"TKM","turkmenistan","A15_19B",0,0
"TKM","turkmenistan","A20_24B",0,0
"TKM","turkmenistan","A25_29B",0,0
"TKM","turkmenistan","A30_34B",0,0
"TKM","turkmenistan","A35_39B",0,0
"TKM","turkmenistan","A40_44B",4.00114435040333,7.53617619333092
"TKM","turkmenistan","A45_49B",90.9892298884422,1.62673110531997
"TKM","turkmenistan","A50_54B",90.9892298884422,1.62673110531997
"TKM","turkmenistan","A55_59B",90.9892298884422,1.62673110531997
"TKM","turkmenistan","A60_64B",90.9892298884422,1.62673110531997
"TKM","turkmenistan","A65_69B",90.9892298884422,1.62673110531997
"TKM","turkmenistan","A70_74B",90.9892298884422,1.62673110531997
"TKM","turkmenistan","A75_79B",90.9892298884422,1.62673110531997
"TKM","turkmenistan","A80_84B",90.9892298884422,1.62673110531997
"TKM","turkmenistan","A85PLUSB",90.9892298884422,1.62673110531997
"TUR","turkey","A00_04B",0,0
"TUR","turkey","A05_09B",0,0
"TUR","turkey","A10_14B",0,0
"TUR","turkey","A15_19B",0,0
"TUR","turkey","A20_24B",0,0
"TUR","turkey","A25_29B",0,0
"TUR","turkey","A30_34B",0,0
"TUR","turkey","A35_39B",0,0
"TUR","turkey","A40_44B",20.6678312473367,21.5623809283479
"TUR","turkey","A45_49B",74.9371500830546,12.1617105322499
"TUR","turkey","A50_54B",79.9154551985413,7.50643580589044
"TUR","turkey","A55_59B",79.9154551985413,7.50643580589044
"TUR","turkey","A60_64B",79.9154551985413,7.50643580589044
"TUR","turkey","A65_69B",79.9154551985413,7.50643580589044
"TUR","turkey","A70_74B",79.9154551985413,7.50643580589044
"TUR","turkey","A75_79B",79.9154551985413,7.50643580589044
"TUR","turkey","A80_84B",79.9154551985413,7.50643580589044
"TUR","turkey","A85PLUSB",79.9154551985413,7.50643580589044
"TWN","taiwan","A00_04B",0,0
"TWN","taiwan","A05_09B",0,0
"TWN","taiwan","A10_14B",0,0
"TWN","taiwan","A15_19B",0,0
"TWN","taiwan","A20_24B",0,0
"TWN","taiwan","A25_29B",0,0
"TWN","taiwan","A30_34B",0,0
"TWN","taiwan","A35_39B",0,0
"TWN","taiwan","A40_44B",3.62355255346422,7.21758677709771
"TWN","taiwan","A45_49B",89.989436765528,1.53228706567719
"TWN","taiwan","A50_54B",89.989436765528,1.53228706567719
"TWN","taiwan","A55_59B",89.989436765528,1.53228706567719
"TWN","taiwan","A60_64B",89.989436765528,1.53228706567719
"TWN","taiwan","A65_69B",89.989436765528,1.53228706567719
"TWN","taiwan","A70_74B",89.989436765528,1.53228706567719
"TWN","taiwan","A75_79B",89.989436765528,1.53228706567719
"TWN","taiwan","A80_84B",89.989436765528,1.53228706567719
"TWN","taiwan","A85PLUSB",89.989436765528,1.53228706567719
"UZB","uzbekistan","A00_04B",0,0
"UZB","uzbekistan","A05_09B",0,0
"UZB","uzbekistan","A10_14B",0,0
"UZB","uzbekistan","A15_19B",0,0
"UZB","uzbekistan","A20_24B",0,0
"UZB","uzbekistan","A25_29B",0,0
"UZB","uzbekistan","A30_34B",0,0
"UZB","uzbekistan","A35_39B",0,0
"UZB","uzbekistan","A40_44B",3.7352807800974,7.35350911967057
"UZB","uzbekistan","A45_49B",91.0072995483954,1.61335484352852
"UZB","uzbekistan","A50_54B",91.0072995483954,1.61335484352852
"UZB","uzbekistan","A55_59B",91.0072995483954,1.61335484352852
"UZB","uzbekistan","A60_64B",91.0072995483954,1.61335484352852
"UZB","uzbekistan","A65_69B",91.0072995483954,1.61335484352852
"UZB","uzbekistan","A70_74B",91.0072995483954,1.61335484352852
"UZB","uzbekistan","A75_79B",91.0072995483954,1.61335484352852
"UZB","uzbekistan","A80_84B",91.0072995483954,1.61335484352852
"UZB","uzbekistan","A85PLUSB",91.0072995483954,1.61335484352852
"VNM","viet nam","A00_04B",0,0
"VNM","viet nam","A05_09B",0,0
"VNM","viet nam","A10_14B",0,0
"VNM","viet nam","A15_19B",0,0
"VNM","viet nam","A20_24B",0,0
"VNM","viet nam","A25_29B",0,0
"VNM","viet nam","A30_34B",0,0
"VNM","viet nam","A35_39B",0,0
"VNM","viet nam","A40_44B",23.4859406646108,23.9825848363303
"VNM","viet nam","A45_49B",83.447651497521,11.3276490546655
"VNM","viet nam","A50_54B",89.0066536605518,2.32728707274112
"VNM","viet nam","A55_59B",89.0066536605518,2.32728707274112
"VNM","viet nam","A60_64B",89.0066536605518,2.32728707274112
"VNM","viet nam","A65_69B",89.0066536605518,2.32728707274112
"VNM","viet nam","A70_74B",89.0066536605518,2.32728707274112
"VNM","viet nam","A75_79B",89.0066536605518,2.32728707274112
"VNM","viet nam","A80_84B",89.0066536605518,2.32728707274112
"VNM","viet nam","A85PLUSB",89.0066536605518,2.32728707274112
"YEM","yemen","A00_04B",0,0
"YEM","yemen","A05_09B",0,0
"YEM","yemen","A10_14B",0,0
"YEM","yemen","A15_19B",0,0
"YEM","yemen","A20_24B",0,0
"YEM","yemen","A25_29B",0,0
"YEM","yemen","A30_34B",0,0
"YEM","yemen","A35_39B",0,0
"YEM","yemen","A40_44B",16.4499633618143,17.0985938671516
"YEM","yemen","A45_49B",59.1898331771536,9.74382659563047
"YEM","yemen","A50_54B",63.0392474870299,6.20240549501333
"YEM","yemen","A55_59B",63.0392474870299,6.20240549501333
"YEM","yemen","A60_64B",63.0392474870299,6.20240549501333
"YEM","yemen","A65_69B",63.0392474870299,6.20240549501333
"YEM","yemen","A70_74B",63.0392474870299,6.20240549501333
"YEM","yemen","A75_79B",63.0392474870299,6.20240549501333
"YEM","yemen","A80_84B",63.0392474870299,6.20240549501333
"YEM","yemen","A85PLUSB",63.0392474870299,6.20240549501333
